Query Name,Original Execution Time,Optimized Execution Time,Query Result,Error
17e_3.sql,323.4103741645813,27.67318892478943,,
17e_4.sql,409.7455098628998,18.593442916870117,,
