Query Name,Original Execution Time,Optimized Execution Time,Error
27a_5.sql,36.964442014694214,13.554550170898438,
27a_4.sql,19.100810050964355,3.134010076522827,
27a_1.sql,1.0251998901367188e-05,3.8850319385528564,
27a_3.sql,37.39638304710388,2.978985071182251,
27a_2.sql,8.106231689453125e-06,15.397489786148071,
