Query Name,Original Execution Time,Optimized Execution Time,Error
7a_2.sql,205.8293309211731,18.953109979629517,
7a_3.sql,251.91483902931213,245.23505902290344,
7a_1.sql,198.85039973258972,25.36933207511902,
7a_4.sql,176.75201106071472,28.79582905769348,
7a_5.sql,313.62251901626587,28.048152923583984,
