Query Name,Original Execution Time,Optimized Execution Time,Error
15a_outerquery_2.sql,0.003119230270385742,31.223241806030273,
15a_komplex_3.sql,3.1767051219940186,5.0661420822143555,
15a_komplex_2.sql,1.2159347534179688e-05,8.644273042678833,
15a_outerquery_3.sql,12.101108074188232,6.596941947937012,
15a_outerquery_1.sql,1336.216909646988,27.21315622329712,
15a_komplex_1.sql,10.18543004989624,4.840636253356934,
15a_subquery_3.sql,396.98624897003174,5.228339910507202,
15a_subquery_2.sql,396.45897579193115,5.7801432609558105,
15a_subquery_1.sql,384.7686369419098,4.352974891662598,
